INSERT INTO USERS (USER_SSN, NAME, HOME_ADD, CAMPUS_ADD, EMAIL, PHONE_NO, CARD_ID) VALUES ('123456780', 'Sravanthi', '456 User Street', 'Campus B', 'sxg1710@mavs.uta.edu', 9876543210, 101);
INSERT INTO USERS (USER_SSN, NAME, HOME_ADD, CAMPUS_ADD, EMAIL, PHONE_NO, CARD_ID) VALUES ('123456781', 'Srav', '567 User Street', 'Campus A', 'garudasravanthi9@gmail.com', 9876543210, 102);
INSERT INTO USERS (USER_SSN, NAME, HOME_ADD, CAMPUS_ADD, EMAIL, PHONE_NO, CARD_ID) VALUES ('123456782', 'Garuda', '789 User Street', 'Campus E', 'garudasravanthi99@gmail.com', 9876543210, 103);
INSERT INTO USERS (USER_SSN, NAME, HOME_ADD, CAMPUS_ADD, EMAIL, PHONE_NO, CARD_ID) VALUES ('123456783', 'SGaruda', '123 User Street', 'Campus D', 'sravanthi.garuda@uta.edu', 9876543210, 104);
INSERT INTO USERS (USER_SSN, NAME, HOME_ADD, CAMPUS_ADD, EMAIL, PHONE_NO, CARD_ID) VALUES ('123456784', 'Dheeraj', '234 User Street', 'Campus B', 'dheerajgunda13@gmail.com', 9876543210, 105);
INSERT INTO USERS (USER_SSN, NAME, HOME_ADD, CAMPUS_ADD, EMAIL, PHONE_NO, CARD_ID) VALUES ('123456785', 'Yagna', '135 User Street', 'Campus F', 'yagnanaidu1@gmail.com', 9876543210, 106);
INSERT INTO USERS (USER_SSN, NAME, HOME_ADD, CAMPUS_ADD, EMAIL, PHONE_NO, CARD_ID) VALUES ('123456786', 'Naidu', '246 User Street', 'Campus G', 'naiduyagna731@gmail.com', 9876543210, 107);
INSERT INTO USERS (USER_SSN, NAME, HOME_ADD, CAMPUS_ADD, EMAIL, PHONE_NO, CARD_ID) VALUES ('123456787', 'yxn', '357 User Street', 'Campus A', 'yxn5384@mavs.uta.edu', 9876543210, 108);
INSERT INTO USERS (USER_SSN, NAME, HOME_ADD, CAMPUS_ADD, EMAIL, PHONE_NO, CARD_ID) VALUES ('123456788', 'priya', '459 User Street', 'Campus C', 'priya@gmail.com', 9876543210, 109);
INSERT INTO USERS (USER_SSN, NAME, HOME_ADD, CAMPUS_ADD, EMAIL, PHONE_NO, CARD_ID) VALUES ('123456789', 'lakshmi', '467 User Street', 'Campus D', 'lakshmi@gmail.com', 9876543210, 110);

INSERT INTO MEMBER (CARD_ID, PHOTO, PHOTO_TYPE, NO_OF_BOOKS_BORROWED, EMAIL, ISSUE_DATE, EXPIRY_DATE) VALUES (101, BFILENAME('PHOTO_DIR', 'Sravanthi.jpg'), 'jpg', 2, 'sxg1710@mavs.uta.edu', TO_DATE('2023-01-01', 'YYYY-MM-DD'), TO_DATE('2024-01-01', 'YYYY-MM-DD'));
INSERT INTO MEMBER (CARD_ID, PHOTO, PHOTO_TYPE, NO_OF_BOOKS_BORROWED, EMAIL, ISSUE_DATE, EXPIRY_DATE) VALUES (102, BFILENAME('PHOTO_DIR', 'Srav.jpg'), 'jpg', 5, 'garudasravanthi9@gmail.com', TO_DATE('2023-02-01', 'YYYY-MM-DD'), TO_DATE('2024-02-01', 'YYYY-MM-DD'));
INSERT INTO MEMBER (CARD_ID, PHOTO, PHOTO_TYPE, NO_OF_BOOKS_BORROWED, EMAIL, ISSUE_DATE, EXPIRY_DATE) VALUES (103, BFILENAME('PHOTO_DIR', 'Garuda.jpg'), 'jpg', 3, 'garudasravanthi99@gmail.com', TO_DATE('2023-03-01', 'YYYY-MM-DD'), TO_DATE('2024-03-01', 'YYYY-MM-DD'));
INSERT INTO MEMBER (CARD_ID, PHOTO, PHOTO_TYPE, NO_OF_BOOKS_BORROWED, EMAIL, ISSUE_DATE, EXPIRY_DATE) VALUES (104, BFILENAME('PHOTO_DIR', 'SGaruda.jpg'), 'jpg', 4, 'sravanthi.garuda@uta.edu', TO_DATE('2023-04-01', 'YYYY-MM-DD'), TO_DATE('2024-04-01', 'YYYY-MM-DD'));
INSERT INTO MEMBER (CARD_ID, PHOTO, PHOTO_TYPE, NO_OF_BOOKS_BORROWED, EMAIL, ISSUE_DATE, EXPIRY_DATE) VALUES (105, BFILENAME('PHOTO_DIR', 'Dheeraj.jpg'), 'jpg', 2, 'dheerajgunda13@gmail.com', TO_DATE('2023-03-01', 'YYYY-MM-DD'), TO_DATE('2024-03-01', 'YYYY-MM-DD'));
INSERT INTO MEMBER (CARD_ID, PHOTO, PHOTO_TYPE, NO_OF_BOOKS_BORROWED, EMAIL, ISSUE_DATE, EXPIRY_DATE) VALUES (106, BFILENAME('PHOTO_DIR', 'Yagna.jpg'), 'jpg', 1, 'yagnanaidu1@gmail.com', TO_DATE('2023-04-01', 'YYYY-MM-DD'), TO_DATE('2024-04-01', 'YYYY-MM-DD'));
INSERT INTO MEMBER (CARD_ID, PHOTO, PHOTO_TYPE, NO_OF_BOOKS_BORROWED, EMAIL, ISSUE_DATE, EXPIRY_DATE) VALUES (107, BFILENAME('PHOTO_DIR', 'Naidu.jpg'), 'jpg', 0, 'naiduyagna731@gmail.com', TO_DATE('2023-03-01', 'YYYY-MM-DD'), TO_DATE('2024-03-01', 'YYYY-MM-DD'));
INSERT INTO MEMBER (CARD_ID, PHOTO, PHOTO_TYPE, NO_OF_BOOKS_BORROWED, EMAIL, ISSUE_DATE, EXPIRY_DATE) VALUES (108, BFILENAME('PHOTO_DIR', 'yxn.jpg'), 'jpg', 4, 'yxn5384@mavs.uta.edu', TO_DATE('2023-04-01', 'YYYY-MM-DD'), TO_DATE('2024-04-01', 'YYYY-MM-DD'));
INSERT INTO MEMBER (CARD_ID, PHOTO, PHOTO_TYPE, NO_OF_BOOKS_BORROWED, EMAIL, ISSUE_DATE, EXPIRY_DATE) VALUES (109, BFILENAME('PHOTO_DIR', 'priya.jpg'), 'jpg', 3, 'kaja@gmail.com', TO_DATE('2023-03-01', 'YYYY-MM-DD'), TO_DATE('2024-03-01', 'YYYY-MM-DD'));
INSERT INTO MEMBER (CARD_ID, PHOTO, PHOTO_TYPE, NO_OF_BOOKS_BORROWED, EMAIL, ISSUE_DATE, EXPIRY_DATE) VALUES (110, BFILENAME('PHOTO_DIR', 'lakshmi.jpg'), 'jpg', 4, 'lakshmi@gmail.com', TO_DATE('2023-04-01', 'YYYY-MM-DD'), TO_DATE('2024-04-01', 'YYYY-MM-DD'));
INSERT INTO LIBRARIAN (STAFF_ID, NAME, ROLE) VALUES (201, 'Chevva', 'Chief Librarian');
INSERT INTO LIBRARIAN (STAFF_ID, NAME, ROLE) VALUES (202, 'Meghana', 'departmental associate librarian');
INSERT INTO LIBRARIAN (STAFF_ID, NAME, ROLE) VALUES (203, 'Vaish', 'reference librarian');
INSERT INTO LIBRARIAN (STAFF_ID, NAME, ROLE) VALUES (204, 'Nikhil', 'check-out staff');
INSERT INTO LIBRARIAN (STAFF_ID, NAME, ROLE) VALUES (205, 'Darsh', 'library assistant');